{
    "Cincinnati": {
        "monthly_precipitation": {
            "01": 512,
            "02": 588,
            "03": 889,
            "04": 491,
            "05": 1439,
            "06": 1764,
            "07": 614,
            "08": 290,
            "09": 145,
            "10": 377,
            "11": 1762,
            "12": 450
        },
        "total_yearly_precipitation": 9321,
        "relative_montly_precipitation": {
            "01": 5.492972856989593,
            "02": 6.308336015448986,
            "03": 9.537603261452633,
            "04": 5.26767514215213,
            "05": 15.438257697671922,
            "06": 18.92500804634696,
            "07": 6.587276043342989,
            "08": 3.111254157279262,
            "09": 1.555627078639631,
            "10": 4.044630404463041,
            "11": 18.903551121124345,
            "12": 4.82780817508851
        }
    },
    "Seattle": {
        "monthly_precipitation": {
            "01": 1693,
            "02": 730,
            "03": 870,
            "04": 752,
            "05": 924,
            "06": 601,
            "07": 54,
            "08": 104,
            "09": 996,
            "10": 908,
            "11": 1192,
            "12": 2356
        },
        "total_yearly_precipitation": 11180,
        "relative_montly_precipitation": {
            "01": 15.143112701252237,
            "02": 6.529516994633274,
            "03": 7.78175313059034,
            "04": 6.726296958855098,
            "05": 8.264758497316636,
            "06": 5.375670840787119,
            "07": 0.48300536672629696,
            "08": 0.9302325581395349,
            "09": 8.9087656529517,
            "10": 8.1216457960644,
            "11": 10.661896243291592,
            "12": 21.073345259391772
        }
    },
    "Maui": {
        "monthly_precipitation": {
            "01": 362,
            "02": 201,
            "03": 861,
            "04": 553,
            "05": 89,
            "06": 144,
            "07": 276,
            "08": 259,
            "09": 270,
            "10": 432,
            "11": 846,
            "12": 833
        },
        "total_yearly_precipitation": 5126,
        "relative_montly_precipitation": {
            "01": 7.062036675770582,
            "02": 3.9211861100273118,
            "03": 16.79672259071401,
            "04": 10.788138899726883,
            "05": 1.7362465860319938,
            "06": 2.809207959422552,
            "07": 5.3843152555598905,
            "08": 5.052672649239173,
            "09": 5.267264923917284,
            "10": 8.427623878267655,
            "11": 16.504096761607492,
            "12": 16.250487709715177
        }
    },
    "San Diego": {
        "monthly_precipitation": {
            "01": 1323,
            "02": 853,
            "03": 144,
            "04": 481,
            "05": 5,
            "06": 3,
            "07": 34,
            "08": 0,
            "09": 14,
            "10": 617,
            "11": 394,
            "12": 1903
        },
        "total_yearly_precipitation": 5771,
        "relative_montly_precipitation": {
            "01": 22.924969675966036,
            "02": 14.78080055449662,
            "03": 2.49523479466297,
            "04": 8.334777334950614,
            "05": 0.08664009703690868,
            "06": 0.051984058222145205,
            "07": 0.5891526598509791,
            "08": 0.0,
            "09": 0.2425922717033443,
            "10": 10.691387974354532,
            "11": 6.827239646508404,
            "12": 32.975220932247446
        }
    }
}