{
    "monthly_precipitation": {
        "01": 1693,
        "02": 730,
        "03": 870,
        "04": 752,
        "05": 924,
        "06": 601,
        "07": 54,
        "08": 104,
        "09": 996,
        "10": 908,
        "11": 1192,
        "12": 2356
    },
    "total_yearly_precipitation": 11180,
    "relative_montly_precipitation": {
        "01": 15.143112701252237,
        "02": 6.529516994633274,
        "03": 7.78175313059034,
        "04": 6.726296958855098,
        "05": 8.264758497316636,
        "06": 5.375670840787119,
        "07": 0.48300536672629696,
        "08": 0.9302325581395349,
        "09": 8.9087656529517,
        "10": 8.1216457960644,
        "11": 10.661896243291592,
        "12": 21.073345259391772
    }
}